date,action,ticker,security,reason
1976-07-01,add,BUD,Anheuser Busch,"Major restructuring of S&P 500 to have fewer industrials and utilities, and more financial companies to add ""new strength and breadth""[277]"
1976-07-01,add,DIS,The Walt Disney Company,"Major restructuring of S&P 500 to have fewer industrials and utilities, and more financial companies to add ""new strength and breadth""[277]"
1976-07-01,remove,AYE,Allegheny Energy,"Major restructuring of S&P 500 to have fewer industrials and utilities, and more financial companies to add ""new strength and breadth""[277]"
1976-07-01,remove,HNG,Houston Natural Gas,"Major restructuring of S&P 500 to have fewer industrials and utilities, and more financial companies to add ""new strength and breadth""[277]"
1994-09-30,add,NCC,National City,McKesson sold PCS Health Services to Eli Lilly.[276]
1994-09-30,remove,MCK,McKesson,McKesson sold PCS Health Services to Eli Lilly.[276]
1997-06-17,add,CCR,Countrywide Credit Industries,AIG acquired USLife.[275]
1997-06-17,remove,USL,USLife,AIG acquired USLife.[275]
1998-12-11,add,CCL,Carnival Corporation,Berkshire Hathaway purchased General Re.[274]
1998-12-11,add,CPWR,Compuware,AIG purchased SunAmerica.[274]
1998-12-11,add,FSR,Firstar,BP purchased Amoco.[274]
1998-12-11,remove,AN,Amoco,BP purchased Amoco.[274]
1998-12-11,remove,GRN,General Re,Berkshire Hathaway purchased General Re.[274]
1998-12-11,remove,SUN,SunAmerica,AIG purchased SunAmerica.[274]
1999-04-12,add,ACT,Actavis,Actavis plc (NYSE:ACT) added to S&P 500
1999-06-09,add,WLP,Wellpoint,Harnischfeger filed for bankruptcy.[273]
1999-06-09,remove,HPH,Harnischfeger Industries,Harnischfeger filed for bankruptcy.[273]
1999-12-08,add,YHOO,Yahoo!,Market capitalization change.[272]
1999-12-08,remove,LDW,Laidlaw,Market capitalization change.[272]
2000-06-07,add,SBUX,Starbucks,Siemens AG acquired Shared Medical Systems.[271]
2000-06-07,remove,SMS,Shared Medical Systems,Siemens AG acquired Shared Medical Systems.[271]
2000-06-12,add,CVG,Convergys,Tribune Co. acquired Times Mirror.[271]
2000-06-12,remove,TMC,Times Mirror,Tribune Co. acquired Times Mirror.[271]
2000-07-27,add,JDSU,JDS Uniphase,Market Cap change.[270]
2000-07-27,remove,RAD,Rite Aid,Market Cap change.[270]
2000-12-05,add,ABK,Ambac Financial,Market Cap changes.
2000-12-05,add,AYE,Allegheny Energy,Market Cap changes.
2000-12-05,add,INTU,Intuit,Market Cap changes.[269]
2000-12-05,add,SBL,Symbol Technologies,Market Cap changes.
2000-12-05,remove,BS,Bethlehem Steel,Market Cap changes.[269]
2000-12-05,remove,CCK,Crown Holdings,Market Cap changes.
2000-12-05,remove,GRA,WR Grace,Market Cap changes.
2000-12-05,remove,OI,Owens-Illinois,Market Cap changes.
2003-09-25,add,ESRX,Express Scripts,Taken private
2003-09-25,remove,QTRN,Quintiles Transnational,Taken private
2005-07-01,add,STZ,Constellation Brands,Acquired by Crompton Corp.
2005-07-01,remove,GLK,Great Lakes Chemical,Acquired by Crompton Corp.
2005-11-18,add,AMZN,Amazon,AT&T Corp. acquired by SBC Communications[268]
2005-11-18,remove,T,AT&T Corporation,AT&T Corp. acquired by SBC Communications[268]
2006-06-02,add,JNPR,Juniper Networks,Albertsons acquired by SuperValu and CVS Corp.[267]
2006-06-02,remove,ABS,Albertsons,Albertsons acquired by SuperValu and CVS Corp.[267]
2007-01-10,add,AVB,AvalonBay Communities,Acquired by Motorola[266]
2007-01-10,remove,SBL,Symbol Technologies,Acquired by Motorola[266]
2007-03-30,add,KFT,Kraft Foods,Taken Private[265]
2007-03-30,remove,TSG,Sabre Corporation,Taken Private[265]
2007-07-02,add,DFS,Discover Financial,Discover Financial Services debuts on New York Stock Exchange.[264]
2007-07-02,remove,ADCT,ADC Telecommunications,Discover Financial Services debuts on New York Stock Exchange.[264]
2007-08-24,add,LUK,Leucadia National,Acquired by National Grid plc[263]
2007-08-24,remove,KSE,KeySpan,Acquired by National Grid plc[263]
2007-09-26,add,ICE,Intercontinental Exchange,FDC acquired by KKR.[262]
2007-09-26,remove,FDC,First Data,FDC acquired by KKR.[262]
2007-09-27,add,TSO,Tesoro Corporation,MXIM delisted from NASDAQ exchange.[262]
2007-09-27,remove,MXIM,Maxim Integrated Products,MXIM delisted from NASDAQ exchange.[262]
2007-10-01,add,TDC,Teradata,Teradata spun off by NCR Corporation.[262]
2007-10-01,remove,NCR,NCR Corporation,Teradata spun off by NCR Corporation.[262]
2007-10-02,add,EXPE,Expedia,Solectron acquired by Flextronics.[262]
2007-10-02,remove,SLR,Solectron,Solectron acquired by Flextronics.[262]
2007-10-26,add,JEC,Jacobs Engineering Group,Taken private[261]
2007-10-26,remove,AV,Avaya,Taken private[261]
2007-12-13,add,GME,GameStop,Acquired by News Corporation
2007-12-13,remove,DJ,Dow Jones,Acquired by News Corporation
2007-12-20,add,RRC,Range Resources,Taken private[260]
2007-12-20,remove,TRB,Tribune Media,Taken private[260]
2008-06-10,add,LO,Lorillard Tobacco Company,Market Value Decline[259]
2008-06-10,remove,ABK,Ambac Financial,Market Value Decline[259]
2008-06-23,add,COG,Cabot Oil & Gas,Market capitalization change.[258]
2008-06-23,add,MEE,Massey Energy,Market capitalization change.[258]
2008-06-23,remove,BC,Brunswick,Market capitalization change.[258]
2008-06-23,remove,OMX,OfficeMax,Market capitalization change.[258]
2008-07-01,add,AKS,AK Steel,Ak Steel replaced Countrywide Financial.[257]
2008-07-01,remove,CFC,Countrywide Financial Corp,Ak Steel replaced Countrywide Financial.[257]
2008-09-12,add,CRM,Salesforce,Capitalization rebalance.[256]
2008-09-12,add,FAST,Fastenal,Capitalization rebalance.[256]
2008-09-12,remove,FNM,Fannie Mae,Capitalization rebalance.[256]
2008-09-12,remove,FRE,Freddie Mac,Capitalization rebalance.[256]
2008-09-16,add,HRS,Harris Corporation,Lehman Brothers filed for bankruptcy.[255]
2008-09-16,remove,LEH,Lehman Brothers,Lehman Brothers filed for bankruptcy.[255]
2008-12-31,add,OI,Owens-Illinois,Wachovia Bank acquired by Wells Fargo.[254]
2008-12-31,remove,WB,Wachovia Bank,Wachovia Bank acquired by Wells Fargo.[254]
2009-03-03,add,HRL,Hormel Foods,Capitalization rebalance.[253]
2009-03-03,add,VTR,Ventas,Capitalization rebalance.
2009-03-03,remove,ACAS,American Capital,Capitalization rebalance.[253]
2009-03-03,remove,JNY,Jones Apparel Group,Capitalization rebalance.
2009-06-05,add,FTI,FMC Technologies,"Covidien moved its place of incorporation to Ireland, making it ineligible for inclusion in the index.[252]"
2009-06-05,remove,COV,Covidien,"Covidien moved its place of incorporation to Ireland, making it ineligible for inclusion in the index.[252]"
2009-06-25,remove,TEL,TE Connectivity,"Tyco Electronics left the index because it was reincorporating in Switzerland, making it ineligible for inclusion.[251]"
2009-06-29,add,PCS,MetroPCS,PCS replaced TEL.[251]
2009-08-19,add,FMC,FMC Corporation,Centex acquired by Pulte Homes.[250]
2009-08-19,remove,CTX,Centex Corp.,Centex acquired by Pulte Homes.[250]
2009-09-28,add,ARG,Airgas,Redomesticated to Ireland[249]
2009-09-28,remove,CBE,Cooper Industries,Redomesticated to Ireland[249]
2009-11-03,add,PCLN,Priceline.com,Acquired by Merck & Co. (MRK)[248]
2009-11-03,remove,SGP,Schering-Plough,Acquired by Merck & Co. (MRK)[248]
2009-12-18,add,CLF,Cliffs Natural Resources,Market capitalization change.[citation needed]
2009-12-18,add,MJN,Mead Johnson Nutrition,Market capitalization change.[citation needed]
2009-12-18,add,ROST,Ross Stores,Market capitalization change.[citation needed]
2009-12-18,add,SAI,SAIC,Market capitalization change.[citation needed]
2009-12-18,add,V,Visa,Market capitalization change.[citation needed]
2009-12-18,remove,CIEN,Ciena,Market capitalization change.[citation needed]
2009-12-18,remove,CVG,Convergys,Market capitalization change.[citation needed]
2009-12-18,remove,DYN,Dynegy,Market capitalization change.[citation needed]
2009-12-18,remove,KBH,KB Home,Market capitalization change.[citation needed]
2009-12-18,remove,MBI,MBIA,Market capitalization change.[citation needed]
2010-02-26,add,HP,Helmerich & Payne,Taken private
2010-02-26,remove,RX,IMS Health,Taken private
2010-04-29,add,CERN,Cerner,Acquired by Baker Hughes[247]
2010-04-29,remove,BJS,BJ Services,Acquired by Baker Hughes[247]
2010-06-28,add,KMX,CarMax,Acquired by ExxonMobil[246]
2010-06-28,remove,XTO,XTO Energy,Acquired by ExxonMobil[246]
2010-06-30,add,QEP,QEP Resources,"Company split. QEP retained, but ticker changed.[245]"
2010-06-30,remove,STR,Questar,"Company split. QEP retained, but ticker changed.[245]"
2010-07-14,add,CB,Chubb,Acquired by Merck KGaA (MKGAY)[244]
2010-07-14,remove,MIL,Millipore,Acquired by Merck KGaA (MKGAY)[244]
2010-08-26,add,TYC,Tyco International,Acquired by Schlumberger (SLB)[243]
2010-08-26,remove,SII,Smith International,Acquired by Schlumberger (SLB)[243]
2010-11-17,add,IR,Ingersoll-Rand,Reynolds Group Holdings acquired Pactiv.[242]
2010-11-17,remove,PTV,Pactiv,Reynolds Group Holdings acquired Pactiv.[242]
2010-12-17,add,CVC,Cablevision,Acquired by Pfizer.[241]
2010-12-17,add,FFIV,F5 Networks,Market Cap changes.[241]
2010-12-17,add,NFLX,Netflix,Market Cap changes.
2010-12-17,add,NFX,Newfield Exploration,Market Cap changes.
2010-12-17,remove,EK,Eastman Kodak,Market Cap changes.[241]
2010-12-17,remove,KG,King Pharmaceuticals,Acquired by Pfizer.[241]
2010-12-17,remove,NYT,The New York Times Company,Market Cap changes.
2010-12-17,remove,ODP,Office Depot,Market Cap changes.
2011-01-03,add,MMI,Motorola Mobility,S&P constituent Motorola spun off Motorola Mobility.[240]
2011-01-03,remove,MDP,Meredith Corp,S&P constituent Motorola spun off Motorola Mobility.[240]
2011-02-25,add,JOYG,Joy Global,Acquired by First Energy (FE).[239]
2011-02-25,remove,AYE,Allegheny Energy,Acquired by First Energy (FE).[239]
2011-02-28,add,COV,Covidien,Acquired by Intel[238]
2011-02-28,remove,MFE,McAfee,Acquired by Intel[238]
2011-03-31,add,EW,Edwards Lifesciences,Acquired by CenturyLink[237]
2011-03-31,remove,Q,Qwest Communications,Acquired by CenturyLink[237]
2011-04-01,add,BLK,BlackRock,Acquired by Sanofi Aventis (SNY)[236]
2011-04-01,remove,GENZ,Genzyme,Acquired by Sanofi Aventis (SNY)[236]
2011-04-27,add,CMG,Chipotle Mexican Grill,Acquired by private equity firms.[235]
2011-04-27,remove,NOVL,Novell,Acquired by private equity firms.[235]
2011-06-01,add,ANR,Alpha Natural Resources,Alpha Natural Resources acquired Massey Energy.[234]
2011-06-01,remove,MEE,Massey Energy,Alpha Natural Resources acquired Massey Energy.[234]
2011-06-30,add,MPC,Marathon Oil,Market capitalization adjustments.[233]
2011-06-30,remove,RSH,RadioShack,Market capitalization adjustments.[233]
2011-07-05,add,ACN,Accenture,Marshall & Iisley is being bought by Bank of Montreal[232]
2011-07-05,remove,MI,Marshall & Ilsley,Marshall & Iisley is being bought by Bank of Montreal[232]
2011-09-23,add,MOS,The Mosaic Company,Acquired by Texas Instruments (TXN).[231]
2011-09-23,remove,NSM,National Semiconductor,Acquired by Texas Instruments (TXN).[231]
2011-10-14,add,TEL,TE Connectivity,Acquired by Teva Pharmaceutical Industries (TEVA).[230]
2011-10-14,remove,CEPH,Cephalon,Acquired by Teva Pharmaceutical Industries (TEVA).[230]
2011-10-31,add,XYL,Xylem,Spun off from ITT Corp.[229]
2011-10-31,remove,ITT,ITT,Spun off from ITT Corp.[229]
2011-11-18,add,CBE,Cooper Industries,Janus Capital Group's market capitalization is less than $1.2 billion  and is no longer representative of the large cap market space.[228]
2011-11-18,remove,JNS,Janus Capital Group,Janus Capital Group's market capitalization is less than $1.2 billion  and is no longer representative of the large cap market space.[228]
2011-12-12,add,GAS,AGL Resources.,"Nicor acquired by AGL, which retained the GAS ticker.[227]"
2011-12-12,remove,GAS,Nicor Gas,"Nicor acquired by AGL, which retained the GAS ticker.[227]"
2011-12-16,add,BWA,BorgWarner,Market capitalization changes[226]
2011-12-16,add,DLTR,Dollar Tree,Market capitalization changes
2011-12-16,add,PRGO,Perrigo,Market capitalization changes
2011-12-16,remove,AKS,AK Steel,Market capitalization changes[226]
2011-12-16,remove,MWW,Monster Worldwide,Market capitalization changes
2011-12-16,remove,WFR,MEMC Electronic Materials,Market capitalization changes
2011-12-20,add,TRIP,TripAdvisor,Expedia spun off TripAdvisor.[225]
2011-12-20,remove,TLAB,Tellabs,Expedia spun off TripAdvisor.[225]
2011-12-31,add,WPX,WPX Energy,Market capitalization changes[224]
2011-12-31,remove,CPWR,Compuware,Market capitalization changes[224]
2012-03-13,add,CCI,Crown Castle,Acquired by Exelon Corp. (EXC)[223]
2012-03-13,remove,CEG,Constellation Energy Group,Acquired by Exelon Corp. (EXC)[223]
2012-04-03,add,FOSL,Fossil,Acquired by Express Scripts (ESRX)[222]
2012-04-03,remove,MHS,Medco Health Solutions,Acquired by Express Scripts (ESRX)[222]
2012-04-23,add,PSX,Phillips 66,ConocoPhillips spun off Phillips 66[221]
2012-04-23,remove,SVU,Supervalu,ConocoPhillips spun off Phillips 66[221]
2012-05-17,add,KMI,Kinder Morgan,Acquired by Kinder Morgan (KMI)[220]
2012-05-17,remove,EP,El Paso Corporation,Acquired by Kinder Morgan (KMI)[220]
2012-05-21,add,ALXN,Alexion Pharmaceuticals,Acquired by Google (GOOG)[219]
2012-05-21,remove,MMI,Motorola Mobility,Acquired by Google (GOOG)[219]
2012-06-05,add,LRCX,Lam Research,Acquired by Lam Research (LRCX)[218]
2012-06-05,remove,NVLS,Novellus Systems,Acquired by Lam Research (LRCX)[218]
2012-06-29,add,MNST,Monster Beverage,Split up of Sara Lee[217]
2012-06-29,remove,SLE,Sara Lee Corporation,Split up of Sara Lee[217]
2012-07-02,add,STX,Seagate Technology,Acquired by Duke Energy (DUK)[216]
2012-07-02,remove,PGN,Progress Energy,Acquired by Duke Energy (DUK)[216]
2012-07-31,add,ESV,Ensco,Goodrich acquired by United Technologies (UTX).[215]
2012-07-31,remove,GR,Goodrich Corporation,Goodrich acquired by United Technologies (UTX).[215]
2012-09-05,add,LYB,LyondellBasell,SHLD below public float threshold
2012-09-05,remove,SHLD,Sears Holdings,SHLD below public float threshold
2012-10-01,add,ADT,ADT,Tyco spun off ADT
2012-10-01,add,PNR,Pentair,Tyco spin-off merged w/Pentair
2012-10-01,remove,DV,DeVry,Tyco spin-off merged w/Pentair
2012-10-01,remove,LXK,Lexmark,Tyco spun off ADT
2012-10-02,add,KRFT,Kraft Foods,Kraft split into two companies[213]
2012-10-02,add,MDLZ,Mondelez,Old Kraft Foods renamed Mondelez[214]
2012-10-02,remove,ANR,Alpha Natural Resources,Kraft split into two companies[213]
2012-10-02,remove,KFT,Kraft Foods,Old Kraft Foods renamed Mondelez[214]
2012-10-10,add,PETM,PetSmart,Acquired by Energy Transfer Partners (ETP)[212]
2012-10-10,remove,SUN,Sunoco,Acquired by Energy Transfer Partners (ETP)[212]
2012-12-03,add,DG,Dollar General,Acquired by Eaton Corp. (ETN)[211]
2012-12-03,remove,CBE,Cooper Industries,Acquired by Eaton Corp. (ETN)[211]
2012-12-11,add,GRMN,Garmin,Market capitalization changes[210]
2012-12-11,remove,RRD,RR Donnelley,Market capitalization changes[210]
2012-12-21,add,DLPH,Delphi Automotive,TIE acquired by Precision Cast Parts (PCP)[209]
2012-12-21,remove,TIE,Titanium Metals,TIE acquired by Precision Cast Parts (PCP)[209]
2013-01-02,add,ABBV,AbbVie,ABBV spun off from Abbott Labs (ABT)[208]
2013-01-02,remove,FII,Federated Investors,ABBV spun off from Abbott Labs (ABT)[208]
2013-02-15,add,PVH,PVH,Market capitalization changes[207]
2013-02-15,remove,BIG,Big Lots,Market capitalization changes[207]
2013-04-30,add,REGN,Regeneron Pharmaceuticals,A majority of MetroPCS was acquired by T-Mobile[206]
2013-04-30,remove,PCS,MetroPCS,A majority of MetroPCS was acquired by T-Mobile[206]
2013-05-08,add,MAC,Macerich,Acquired by Aetna (AET)[205]
2013-05-08,remove,CVH,Coventry Health Care,Acquired by Aetna (AET)[205]
2013-05-23,add,KSU,Kansas City Southern,DF too small after spinoff of White Wave Foods[204]
2013-05-23,remove,DF,Dean Foods,DF too small after spinoff of White Wave Foods[204]
2013-06-06,add,GM,General Motors,HNZ acquired by consortium[203]
2013-06-06,remove,HNZ,Heinz,HNZ acquired by consortium[203]
2013-06-21,add,ZTS,Zoetis,Zoetis spun off by Pfizer[202]
2013-06-21,remove,FHN,First Horizon,Zoetis spun off by Pfizer[202]
2013-07-01,add,NWSA,21st Century Fox,Apollo Group's market cap more representative of a mid-cap[201]
2013-07-01,remove,APOL,Apollo Education Group,Apollo Group's market cap more representative of a mid-cap[201]
2013-07-08,add,NLSN,Nielsen Holdings,Softbank consortium purchase results in public float below 50%[200]
2013-07-08,remove,S,Sprint Nextel,Softbank consortium purchase results in public float below 50%[200]
2013-09-10,add,DAL,Delta Air Lines,BMC taken private by consortium[199]
2013-09-10,remove,BMC,BMC Software,BMC taken private by consortium[199]
2013-09-20,add,AME,Ametek,Market capitalization change.[198]
2013-09-20,add,VRTX,Vertex Pharmaceuticals,Market capitalization change.[198]
2013-09-20,remove,AMD,Advanced Micro Devices,Market capitalization change.[198]
2013-09-20,remove,SAI,SAIC,Market capitalization change.[198]
2013-10-29,add,RIG,Transocean,Founder Michael Dell and Silver Lake Partners acquired Dell.[197]
2013-10-29,remove,DELL,Dell,Founder Michael Dell and Silver Lake Partners acquired Dell.[197]
2013-11-13,add,KORS,Michael Kors,ICE Exchange acquired NYSE Euronext.[196]
2013-11-13,remove,NYX,NYSE Euronext,ICE Exchange acquired NYSE Euronext.[196]
2013-12-02,add,ALLE,Allegion,Allegion spun off by Ingersoll Rand.[195]
2013-12-02,remove,JCP,JCPenney,Allegion spun off by Ingersoll Rand.[195]
2013-12-10,add,GGP,General Growth Properties,MOLX acquired by Koch Industries.[194]
2013-12-10,remove,MOLX,Molex,MOLX acquired by Koch Industries.[194]
2013-12-23,add,ADS,Alliance Data Systems,Market capitalization changes.[193]
2013-12-23,add,FB,Facebook,Market capitalization changes.[193]
2013-12-23,add,MHK,Mohawk Industries,Market capitalization changes.[193]
2013-12-23,remove,ANF,Abercrombie & Fitch,Market capitalization changes.[193]
2013-12-23,remove,JDSU,JDS Uniphase,Market capitalization changes.[193]
2013-12-23,remove,TER,Teradyne,Market capitalization changes.[193]
2014-01-24,add,TSCO,Tractor Supply,Life Technologies acquired by Thermo Fisher Scientific Inc[192]
2014-01-24,remove,LIFE,Life Technologies,Life Technologies acquired by Thermo Fisher Scientific Inc[192]
2014-03-21,add,GMCR,Keurig Green Mountain,Market capitalization changes[191]
2014-03-21,remove,WPX,WPX Energy,Market capitalization changes[191]
2014-04-02,add,ESS,Essex Property Trust,Market capitalization changes[190]
2014-04-02,remove,CLF,Cliffs Natural Resources,Market capitalization changes[190]
2014-04-03,add,GOOGL,Google,Google Class C share distribution[189]
2014-05-01,add,NAVI,Navient,Navient Spun off from SLM[188]
2014-05-01,add,UA,Under Armour,Beam acquired by Suntory[188]
2014-05-01,remove,BEAM,Suntory Global Spirits,Beam acquired by Suntory[188]
2014-05-01,remove,SLM,SLM Corporation,Navient Spun off from SLM[188]
2014-05-08,add,AVGO,Avago Technologies,Avago acquires LSI[187]
2014-05-08,remove,LSI,LSI Corporation,Avago acquires LSI[187]
2014-06-20,add,XEC,Cimarex Energy,Market capitalization changes[186]
2014-06-20,remove,IGT,International Game Technology,Market capitalization changes[186]
2014-07-01,add,AMG,Affiliated Managers Group,Actavis acquires Forest Laboratories[185]
2014-07-01,remove,FRX,Forest Laboratories,Actavis acquires Forest Laboratories[185]
2014-07-02,add,MLM,Martin Marietta,Market capitalization changes[184]
2014-07-02,remove,X,United States Steel,Market capitalization changes[184]
2014-08-06,add,DISCK,Discovery Communications,Class C share distribution[183]
2014-08-18,add,MNK,Mallinckrodt,Market cap changes[182]
2014-08-18,remove,RDC,Rowan Companies,Market cap changes[182]
2014-09-20,add,UHS,Universal Health Services,Market cap changes
2014-09-20,add,URI,United Rentals,Market cap changes[181]
2014-09-20,remove,BTU,Peabody Energy,Market cap changes[181]
2014-09-20,remove,GHC,Graham Holdings,Market cap changes
2014-11-05,add,LVLT,Level 3 Communications,Market cap changes[180]
2014-11-05,remove,JBL,Jabil Circuit,Market cap changes[180]
2014-12-05,add,RCL,Royal Caribbean Cruises,Market cap changes[179]
2014-12-05,remove,BMS,Bemis Company,Market cap changes[179]
2015-01-27,add,ENDP,Endo International,Covidien acquired by Medtronic[178]
2015-01-27,add,HCA,HCA Holdings,Safeway acquired by private equity consortium[177]
2015-01-27,remove,COV,Covidien,Covidien acquired by Medtronic[178]
2015-01-27,remove,SWY,Safeway,Safeway acquired by private equity consortium[177]
2015-03-12,add,SWKS,Skyworks,PetSmart acquired by private equity consortium[176]
2015-03-12,remove,PETM,PetSmart,PetSmart acquired by private equity consortium[176]
2015-03-18,add,HSIC,Henry Schein,Carefusion acquired by Becton Dickinson[175]
2015-03-18,remove,CFN,Carefusion,Carefusion acquired by Becton Dickinson[175]
2015-03-23,add,AAL,American Airlines Group,Allergan acquired by Actavis (and changed name to Allergan).[174]
2015-03-23,add,EQIX,Equinix,Market Capitalization Changes.[175]
2015-03-23,add,HBI,Hanesbrands,Market Capitalization Changes.
2015-03-23,add,SLG,SL Green Realty,Market Capitalization Changes.
2015-03-23,remove,AGN,Allergan,Allergan acquired by Actavis (and changed name to Allergan).[174]
2015-03-23,remove,AVP,Avon Products,Market Capitalization Changes.
2015-03-23,remove,DNR,Denbury Resources,Market Capitalization Changes.[175]
2015-03-23,remove,NBR,Nabors Industries,Market Capitalization Changes.
2015-04-07,add,O,Realty Income Corporation,Market capitalization change.[173]
2015-04-07,remove,WIN,Windstream Communications,Market capitalization change.[173]
2015-06-11,add,QRVO,Qorvo,Lorillard gets acquired.[172]
2015-06-11,remove,LO,Lorillard Tobacco Company,Lorillard gets acquired.[172]
2015-07-01,add,BXLT,Baxalta,Baxalta spun off by Baxter.[171]
2015-07-01,add,JBHT,J.B. Hunt,Integrys taken over.[170]
2015-07-01,remove,QEP,QEP Resources,Baxalta spun off by Baxter.[171]
2015-07-01,remove,TEG,Integrys Energy Group,Integrys taken over.[170]
2015-07-02,add,CPGX,Columbia Pipeline Group,Spin off of Columbia Pipeline.[169]
2015-07-02,remove,ATI,Allegheny Technologies,Spin off of Columbia Pipeline.[169]
2015-07-06,add,KHC,Kraft Heinz,Kraft merger with Heinz.[168]
2015-07-06,remove,KRFT,Kraft Foods,Kraft merger with Heinz.[168]
2015-07-08,add,AAP,Advance Auto Parts,Family Dollar acquired.[167]
2015-07-08,remove,FDO,Family Dollar,Family Dollar acquired.[167]
2015-07-20,add,PYPL,PayPal,PayPal Spun off by eBay[166]
2015-07-20,remove,NE,Noble Corporation,PayPal Spun off by eBay[166]
2015-07-29,add,SIG,Signet Jewelers,DirecTV acquired by AT&T.[165]
2015-07-29,remove,DTV,DirecTV,DirecTV acquired by AT&T.[165]
2015-08-28,add,ATVI,Activision Blizzard,Pall taken over[164]
2015-08-28,remove,PLL,Pall Corporation,Pall taken over[164]
2015-09-02,add,UAL,United Continental Holdings,Hospira taken over[164]
2015-09-02,remove,HSP,Hospira,Hospira taken over[164]
2015-09-18,add,CMCSK,Comcast Class K Special,Share class methodology change[2]
2015-09-18,add,FOX,Twenty-First Century Fox Class B,Share class methodology change
2015-09-18,add,NWS,News Corporation Class B,Share class methodology change
2015-10-07,add,VRSK,Verisk Analytics,Market capitalization change.[163]
2015-10-07,remove,JOY,Joy Global,Market capitalization change.[163]
2015-11-02,add,HPE,Hewlett Packard Enterprise,HPQ spins off HPE[162]
2015-11-02,remove,HCBK,Hudson City Bancorp,HPQ spins off HPE[162]
2015-11-18,add,SYF,Synchrony Financial,GE spinning off Synchrony Financial[161]
2015-11-18,remove,GNW,Genworth Financial,GE spinning off Synchrony Financial[161]
2015-11-19,add,ILMN,Illumina,Sigma-Aldrich acquired by Merck KGaA (MKGAY)[160]
2015-11-19,remove,SIAL,Sigma-Aldrich,Sigma-Aldrich acquired by Merck KGaA (MKGAY)[160]
2015-12-01,add,CSRA,CSRA,CSC spins off CSRA[159]
2015-12-01,remove,CSC,Computer Sciences Corporation,CSC spins off CSRA[159]
2015-12-15,remove,CMCSK,Comcast K Corp,CMCSK shares no longer listed[158]
2015-12-29,add,CHD,Church & Dwight,ALTR taken over by INTC[157]
2015-12-29,remove,ALTR,Altera,ALTR taken over by INTC[157]
2016-01-05,add,WLTW,Willis Towers Watson,WSH merges with TW (and renames to WLTW)[156]
2016-01-05,remove,FOSL,Fossil Group,WSH merges with TW (and renames to WLTW)[156]
2016-01-19,add,EXR,Extra Space Storage,"EXR replaces ACE as ACE Ltd acquires Chubb and retains the CB ticker, giving up ACE[155]"
2016-01-19,remove,ACE,Chubb,"EXR replaces ACE as ACE Ltd acquires Chubb and retains the CB ticker, giving up ACE[155]"
2016-02-01,add,CFG,Citizens,CFG replaces PCP[153]
2016-02-01,add,FRT,Federal Realty Investment Trust,FRT replaces BRCM[154]
2016-02-01,remove,BRCM,Broadcom Corporation,FRT replaces BRCM[154]
2016-02-01,remove,PCP,Precision Castparts Corporation,CFG replaces PCP[153]
2016-02-22,add,CXO,Concho Resources,PCL taken over by WY[152]
2016-02-22,remove,PCL,Plum Creek Timber,PCL taken over by WY[152]
2016-03-04,add,AWK,American Water Works,AWK replaces CNX[151]
2016-03-04,remove,CNX,Consol Energy,AWK replaces CNX[151]
2016-03-07,add,UDR,UDR,JAB Holding Company acquired Keurig Green Mountain[150]
2016-03-07,remove,GMCR,Keurig Green Mountain,JAB Holding Company acquired Keurig Green Mountain[150]
2016-03-30,add,CNC,Centene Corporation,Centene acquired Health Net.[149]
2016-03-30,add,HOLX,Hologic,Exelon acquired Pepco.[149]
2016-03-30,remove,ESV,Ensco,Centene acquired Health Net.[149]
2016-03-30,remove,POM,Pepco Holdings,Exelon acquired Pepco.[149]
2016-04-04,add,FL,Foot Locker,Schlumberger acquired Cameron[148]
2016-04-04,remove,CAM,Cameron International,Schlumberger acquired Cameron[148]
2016-04-08,add,UA,Under Armour (Class C),Under Armour distribution of second class of stock
2016-04-18,add,ULTA,Ulta Beauty,Ulta replaces Tenet[147]
2016-04-18,remove,THC,Tenet Healthcare,Ulta replaces Tenet[147]
2016-04-25,add,GPN,Global Payments,Global Payments is acquiring Heartland Payment Systems[146]
2016-04-25,remove,GME,GameStop,Global Payments is acquiring Heartland Payment Systems[146]
2016-05-03,add,AYI,Acuity Brands,ADT acquired by APO[145]
2016-05-03,remove,ADT,ADT,ADT acquired by APO[145]
2016-05-13,add,ALK,Alaska Air Group,SNDK acquired by WDC[144]
2016-05-13,remove,SNDK,SanDisk,SNDK acquired by WDC[144]
2016-05-18,add,DLR,Digital Realty,TWC acquired by CHTR[143]
2016-05-18,remove,TWC,Time Warner Cable,TWC acquired by CHTR[143]
2016-05-23,add,LKQ,LKQ Corporation,ARG acquired by Air Liquide[142]
2016-05-23,remove,ARG,Airgas,ARG acquired by Air Liquide[142]
2016-05-31,add,AJG,Arthur J. Gallagher & Co.,CCE merging with European bottlers[141]
2016-05-31,remove,CCE,Coca-Cola Enterprises,CCE merging with European bottlers[141]
2016-06-03,add,TDG,TransDigm Group,SHPG acquiring BXLT[140]
2016-06-03,remove,BXLT,Baxalta,SHPG acquiring BXLT[140]
2016-06-22,add,FBHS,Fortune Brands Home & Security,CVC acquired by Altice NV[139]
2016-06-22,remove,CVC,Cablevision Systems,CVC acquired by Altice NV[139]
2016-07-01,add,ALB,Albemarle Corporation,TE acquired by EMA[137]
2016-07-01,add,LNT,Alliant Energy Corp,GAS acquired by SO[138]
2016-07-01,remove,GAS,AGL Resources,GAS acquired by SO[138]
2016-07-01,remove,TE,TECO Energy,TE acquired by EMA[137]
2016-07-05,add,FTV,Fortive Corp,CPGX acquired by TRP[137]
2016-07-05,remove,CPGX,Columbia Pipeline Group,CPGX acquired by TRP[137]
2016-09-06,add,MTD,Mettler Toledo,TYC acquires JCI (and retains JCI ticker).[136]
2016-09-06,remove,TYC,Tyco International,TYC acquires JCI (and retains JCI ticker).[136]
2016-09-08,add,CHTR,Charter Communications,Dell acquires EMC[135]
2016-09-08,remove,EMC,EMC Corporation,Dell acquires EMC[135]
2016-09-22,add,COO,The Cooper Companies,MAR acquires HOT[134]
2016-09-22,remove,HOT,Starwood,MAR acquires HOT[134]
2016-09-30,add,COTY,Coty,COTY replaces DO[133]
2016-09-30,remove,DO,Diamond Offshore Drilling,COTY replaces DO[133]
2016-11-01,add,ARNC,Arconic,AA spins off ARNC
2016-11-01,remove,AA,Alcoa,AA spins off ARNC
2016-12-02,add,EVHC,Envision Healthcare,Market capitalization change.[132]
2016-12-02,add,MAA,Mid-America Apartments,Market capitalization change.[132]
2016-12-02,remove,LM,Legg Mason,Market capitalization change.[132]
2016-12-02,remove,OI,Owens-Illinois,Market capitalization change.[132]
2017-01-05,add,IDXX,Idexx Laboratories,S&P 100 & 500 constituent Abbott Laboratories (NYSE:ABT) acquired St. Jude Medical.[131]
2017-01-05,remove,STJ,St Jude Medical,S&P 100 & 500 constituent Abbott Laboratories (NYSE:ABT) acquired St. Jude Medical.[131]
2017-02-28,add,INCY,Incyte,SE acquired by ENB[130]
2017-02-28,remove,SE,Spectra Energy,SE acquired by ENB[130]
2017-03-01,add,CBOE,Cboe Holdings,CBOE acquires BATS[130]
2017-03-01,remove,PBI,Pitney Bowes,CBOE acquires BATS[130]
2017-03-02,add,REG,Regency Centers,REG acquires EQY[130]
2017-03-02,remove,ENDP,Endo International,REG acquires EQY[130]
2017-03-13,add,DISH,Dish Network,S&P 500 constituent Analog Devices (NASD:ADI) acquired Linear Technology.[129]
2017-03-13,remove,LLTC,Linear Technology,S&P 500 constituent Analog Devices (NASD:ADI) acquired Linear Technology.[129]
2017-03-16,add,SNPS,Synopsys,Samsung Electronics acquired Harman International Industries.[128]
2017-03-16,remove,HAR,Harman International,Samsung Electronics acquired Harman International Industries.[128]
2017-03-20,add,AMD,Advanced Micro Devices,Market capitalization change.[127]
2017-03-20,add,ARE,Alexandria Real Estate Equities,Market capitalization change.[127]
2017-03-20,add,RJF,Raymond James Financial,Market capitalization change.[127]
2017-03-20,remove,FSLR,First Solar,Market capitalization change.[127]
2017-03-20,remove,FTR,Frontier Communications,Market capitalization change.[127]
2017-03-20,remove,URBN,Urban Outfitters,Market capitalization change.[127]
2017-04-04,add,DXC,DXC Technology,"HPE spins off Everett, merged with CSC to form DXC[125][126]"
2017-04-04,remove,SWN,Southwestern Energy,"HPE spins off Everett, merged with CSC to form DXC[125][126]"
2017-04-05,add,IT,Gartner,IT acquiring CEB[124]
2017-04-05,remove,DNB,Dun & Bradstreet,IT acquiring CEB[124]
2017-06-02,add,INFO,IHS Markit,TGNA spins off Cars.com[123]
2017-06-02,remove,TGNA,Tegna,TGNA spins off Cars.com[123]
2017-06-19,add,ALGN,Align Technology,Market capitalization changes.[121]
2017-06-19,add,ANSS,Ansys,Market capitalization changes.[121]
2017-06-19,add,HLT,Hilton,VZ acquired YHOO operations; remainder of YHOO converted to closed-end company known as Altaba.[121]
2017-06-19,add,RE,Everest Re,Reckitt Benckiser acquired Mead Johnson Nutrition.[122]
2017-06-19,remove,MJN,Mead Johnson,Reckitt Benckiser acquired Mead Johnson Nutrition.[122]
2017-06-19,remove,R,Ryder System,Market capitalization changes.[121]
2017-06-19,remove,TDC,Teradata,Market capitalization changes.[121]
2017-06-19,remove,YHOO,Yahoo!,VZ acquired YHOO operations; remainder of YHOO converted to closed-end company known as Altaba.[121]
2017-07-07,add,BKR,Baker Hughes,Baker Hughes merged with GE Oil & Gas to form new company.[120]
2017-07-07,remove,BHI,Baker Hughes,Baker Hughes merged with GE Oil & Gas to form new company.[120]
2017-07-26,add,AOS,A. O. Smith,Market capitalization change.[119]
2017-07-26,add,DRE,Duke Realty Corp,Market capitalization change.[119]
2017-07-26,add,MGM,MGM Resorts International,British American Tobacco (NYSE MKT:BTI) acquired Reynolds American.[119]
2017-07-26,add,PKG,Packaging Corporation of America,Market capitalization change.[119]
2017-07-26,add,RMD,ResMed,Market capitalization change.[119]
2017-07-26,remove,BBBY,Bed Bath & Beyond,Market capitalization change.[119]
2017-07-26,remove,MNK,Mallinckrodt,Market capitalization change.[119]
2017-07-26,remove,MUR,Murphy Oil,Market capitalization change.[119]
2017-07-26,remove,RAI,Reynolds American,British American Tobacco (NYSE MKT:BTI) acquired Reynolds American.[119]
2017-07-26,remove,RIG,Transocean,Market capitalization change.[119]
2017-08-08,add,BHF,Brighthouse Financial,"BHF replaced AN,[118] MET spun off BHF[118]"
2017-08-08,remove,AN,AutoNation,"BHF replaced AN,[118] MET spun off BHF[118]"
2017-08-29,add,Q,QuintilesIMS,Amazon acquired Whole Foods Market.[117]
2017-08-29,remove,WFM,Whole Foods Market,Amazon acquired Whole Foods Market.[117]
2017-09-01,add,DWDP,DuPont,The Dow Chemical Company renamed to DowDuPont Inc. and ticker changed from DOW to DWDP after acquiring DuPont.[117]
2017-09-01,add,SBAC,SBA Communications,The Dow Chemical Company acquired DuPont.[117]
2017-09-01,remove,DD,DuPont,The Dow Chemical Company acquired DuPont.[117]
2017-09-01,remove,DOW,Dow Chemical Company,The Dow Chemical Company renamed to DowDuPont Inc. and ticker changed from DOW to DWDP after acquiring DuPont.[117]
2017-09-18,add,CDNS,Cadence Design Systems,Sycamore Partners acquired Staples.[116]
2017-09-18,remove,SPLS,Staples,Sycamore Partners acquired Staples.[116]
2017-10-13,add,NCLH,Norwegian Cruise Line Holdings,CenturyLink acquired LVLT.[115]
2017-10-13,remove,LVLT,Level 3 Communications,CenturyLink acquired LVLT.[115]
2018-01-03,add,HII,Huntington Ingalls Industries,Becton Dickinson acquired BCR.[114]
2018-01-03,remove,BCR,CR Bard,Becton Dickinson acquired BCR.[114]
2018-03-07,add,IPGP,IPG Photonics,Discovery Communications acquired SNI.[113]
2018-03-07,remove,SNI,Scripps Networks Interactive,Discovery Communications acquired SNI.[113]
2018-03-19,add,NKTR,Nektar Therapeutics,Market capitalization change.[112]
2018-03-19,add,SIVB,SVB Financial Group,Market capitalization change.[112]
2018-03-19,add,TTWO,Take-Two Interactive,Market capitalization change.[112]
2018-03-19,remove,CHK,Chesapeake Energy,Market capitalization change.[112]
2018-03-19,remove,PDCO,Patterson Companies,Market capitalization change.[112]
2018-03-19,remove,SIG,Signet Jewelers,Market capitalization change.[112]
2018-04-04,add,MSCI,MSCI,S&P 500 constituent General Dynamics (NYSE: GD) acquired CSRA.[111]
2018-04-04,remove,CSRA,CSRA,S&P 500 constituent General Dynamics (NYSE: GD) acquired CSRA.[111]
2018-05-31,add,ABMD,Abiomed,Wyndham Worldwide spun off Wyndham Hotels & Resorts (NYSE:WH).[110]
2018-05-31,remove,WYN,Wyndham Worldwide,Wyndham Worldwide spun off Wyndham Hotels & Resorts (NYSE:WH).[110]
2018-06-05,add,EVRG,Evergy,Westar Energy (NYSE: WR) acquired Great Plains Energy (NYSE: GXP) and changed name to Evergy.[109]
2018-06-05,remove,NAVI,Navient,Westar Energy (NYSE: WR) acquired Great Plains Energy (NYSE: GXP) and changed name to Evergy.[109]
2018-06-07,add,TWTR,Twitter,Bayer acquired Monsanto.[108]
2018-06-07,remove,MON,Monsanto,Bayer acquired Monsanto.[108]
2018-06-18,add,BR,Broadridge Financial Solutions,Market capitalization change.[107]
2018-06-18,add,HFC,HollyFrontier,Market capitalization change.[107]
2018-06-18,remove,AYI,Acuity Brands,Market capitalization change.[107]
2018-06-18,remove,RRC,Range Resources,Market capitalization change.[107]
2018-06-20,add,FLT,FleetCor Technologies,AT&T acquired Time Warner.[106]
2018-06-20,remove,TWX,Time Warner,AT&T acquired Time Warner.[106]
2018-07-02,add,CPRT,Copart,DPS acquired by Keurig Green Mountain.[105]
2018-07-02,remove,DPS,Dr Pepper Snapple Group,DPS acquired by Keurig Green Mountain.[105]
2018-08-28,add,ANET,Arista Networks,GGP acquired by Brookfield Property Partners.[104]
2018-08-28,remove,GGP,GGP,GGP acquired by Brookfield Property Partners.[104]
2018-09-14,add,WCG,WellCare,XL acquired by Axa.[103]
2018-09-14,remove,XL,XL Group,XL acquired by Axa.[103]
2018-10-01,add,ROL,Rollins,ANDV acquired by Marathon Petroleum.[102]
2018-10-01,remove,ANDV,Andeavor,ANDV acquired by Marathon Petroleum.[102]
2018-10-11,add,FTNT,Fortinet,EVHC acquired by KKR.[101]
2018-10-11,remove,EVHC,Envision Healthcare,EVHC acquired by KKR.[101]
2018-11-06,add,KEYS,Keysight,CA acquired by Broadcom.[100]
2018-11-06,remove,CA,CA Technologies,CA acquired by Broadcom.[100]
2018-11-13,add,JKHY,Jack Henry & Associates,EQT spun off ETRN[99]
2018-11-13,remove,EQT,EQT Corporation,EQT spun off ETRN[99]
2018-12-03,add,FANG,Diamondback Energy,Market Capitalization change[98]
2018-12-03,add,LW,Lamb Weston,UTX acquired COL[98]
2018-12-03,add,MXIM,Maxim Integrated,CVS acquired Aetna[98]
2018-12-03,remove,AET,Aetna,CVS acquired Aetna[98]
2018-12-03,remove,COL,Rockwell Collins,UTX acquired COL[98]
2018-12-03,remove,SRCL,Stericycle,Market Capitalization change[98]
2018-12-24,add,CE,Celanese,S&P 500 constituent Cigna (NYSE: CI) acquired ESRX[97]
2018-12-24,remove,ESRX,Express Scripts,S&P 500 constituent Cigna (NYSE: CI) acquired ESRX[97]
2019-01-02,add,FRC,First Republic Bank,Dominion Energy acquired SCANA Corporation[96]
2019-01-02,remove,SCG,SCANA,Dominion Energy acquired SCANA Corporation[96]
2019-01-18,add,TFX,Teleflex,PCG filed for bankruptcy[95]
2019-01-18,remove,PCG,Pacific Gas & Electric Company,PCG filed for bankruptcy[95]
2019-02-15,add,ATO,Atmos Energy,ECA acquired NFX[94]
2019-02-15,remove,NFX,Newfield Exploration,ECA acquired NFX[94]
2019-02-27,add,WAB,Wabtec,WAB acquired GE transportation business[93]
2019-02-27,remove,GT,The Goodyear Tire & Rubber Company,WAB acquired GE transportation business[93]
2019-03-19,add,FOX,Fox Corporation,21st Century Fox merged with Disney and some parts spun off as Fox Corporation.[92]
2019-03-19,add,FOXA,Fox Corporation,21st Century Fox merged with Disney and some parts spun off as Fox Corporation.[92]
2019-03-19,remove,FOX,21st Century Fox,21st Century Fox merged with Disney and some parts spun off as Fox Corporation.[92]
2019-03-19,remove,FOXA,21st Century Fox,21st Century Fox merged with Disney and some parts spun off as Fox Corporation.[92]
2019-04-02,add,DOW,Dow,DOW spun off from DWDP[91]
2019-04-02,remove,BHF,Brighthouse Financial,DOW spun off from DWDP[91]
2019-06-03,add,CTVA,Corteva,CTVA spun off from DWDP (which then changed symbol to DD)[90]
2019-06-03,add,DD,DuPont,DWDP changed to DD after spinning off Corteva.[90]
2019-06-03,remove,DWDP,DuPont,DWDP changed to DD after spinning off Corteva.[90]
2019-06-03,remove,FLR,Fluor Corporation,CTVA spun off from DWDP (which then changed symbol to DD)[90]
2019-06-07,add,BMS,Bemis,Pending merger of Bemis and Amcor; Bemis treated as the surviving entity.[89]
2019-06-07,remove,MAT,Mattel,Pending merger of Bemis and Amcor; Bemis treated as the surviving entity.[89]
2019-06-11,add,AMCR,Amcor,BMS changed to AMCR post merger with Amcor;[88] subsequently renamed to Amcor[89]
2019-06-11,remove,BMS,Bemis,BMS changed to AMCR post merger with Amcor;[88] subsequently renamed to Amcor[89]
2019-07-01,add,MKTX,MarketAxess,L3 purchased by Harris Corporation[87]
2019-07-01,remove,LLL,L3 Technologies,L3 purchased by Harris Corporation[87]
2019-07-15,add,TMUS,T-Mobile US,S&P 500 & 100 constituent IBM acquired Red Hat.[86]
2019-07-15,remove,RHT,Red Hat,S&P 500 & 100 constituent IBM acquired Red Hat.[86]
2019-08-09,add,IEX,IDEX Corporation,Market capitalization change.[85]
2019-08-09,add,LDOS,Leidos,S&P 500 & 100 constituent Occidental Petroleum Corp. (NYSE:OXY) acquired Anadarko Petroleum.[85]
2019-08-09,remove,APC,Anadarko Petroleum,S&P 500 & 100 constituent Occidental Petroleum Corp. (NYSE:OXY) acquired Anadarko Petroleum.[85]
2019-08-09,remove,FL,Foot Locker,Market capitalization change.[85]
2019-09-23,add,CDW,CDW Corporation,S&P 500 constituent Global Payments (NYSE: GPN) acquired TSS.[84]
2019-09-23,remove,TSS,TSYS,S&P 500 constituent Global Payments (NYSE: GPN) acquired TSS.[84]
2019-09-26,add,NVR,NVR,JEF spun off SPB.[83]
2019-09-26,remove,JEF,Jefferies Financial Group,JEF spun off SPB.[83]
2019-10-03,add,LVS,Las Vegas Sands,Market capitalization change.[82]
2019-10-03,remove,NKTR,Nektar Therapeutics,Market capitalization change.[82]
2019-11-21,add,NOW,ServiceNow,Bristol-Myers Squibb (NYSE:BMY) acquired Celgene.[81]
2019-11-21,remove,CELG,Celgene,Bristol-Myers Squibb (NYSE:BMY) acquired Celgene.[81]
2019-12-05,add,WRB,W. R. Berkley Corporation,CBS acquired Viacom to form ViacomCBS.[80]
2019-12-05,remove,VIAB,Viacom,CBS acquired Viacom to form ViacomCBS.[80]
2019-12-09,add,ODFL,Old Dominion Freight Line,BB&T acquired SunTrust to form Truist Financial.[79]
2019-12-09,remove,STI,SunTrust Banks,BB&T acquired SunTrust to form Truist Financial.[79]
2019-12-23,add,LYV,Live Nation Entertainment,Market capitalization change.[78]
2019-12-23,add,STE,Steris,Market capitalization change.[78]
2019-12-23,add,ZBRA,Zebra Technologies,Market capitalization change.[78]
2019-12-23,remove,AMG,Affiliated Managers Group,Market capitalization change.[78]
2019-12-23,remove,MAC,Macerich,Market capitalization change.[78]
2019-12-23,remove,TRIP,TripAdvisor,Market capitalization change.[78]
2020-01-28,add,PAYC,Paycom,S&P 500 constituent Centene Corp. (NYSE: CNC) acquired Wellcare Health Plans.[77]
2020-01-28,remove,WCG,WellCare,S&P 500 constituent Centene Corp. (NYSE: CNC) acquired Wellcare Health Plans.[77]
2020-03-02,add,IR,Ingersoll Rand,"Gardner Denver acquired Ingersoll Rand's industrial businesses then changed its name to the ""new"" Ingersoll Rand Inc.[75][76]"
2020-03-02,remove,XEC,Cimarex Energy,"Gardner Denver acquired Ingersoll Rand's industrial businesses then changed its name to the ""new"" Ingersoll Rand Inc.[75][76]"
2020-04-01,add,HWM,Howmet Aerospace,Arconic separated into 2 companies - Howmet remained on the index.[74]
2020-04-01,remove,ARNC,Arconic,Arconic separated into 2 companies - Howmet remained on the index.[74]
2020-04-03,add,CARR,Carrier,United Technologies spun off Otis and Carrier and acquired Raytheon Company.[73]
2020-04-03,add,OTIS,Otis Worldwide,United Technologies spun off Otis and Carrier and acquired Raytheon Company.[73]
2020-04-06,remove,M,Macy's,Market capitalization change.[73]
2020-04-06,remove,RTN,Raytheon Company,United Technologies spun off Otis and Carrier and acquired Raytheon Company.[73]
2020-05-12,add,DPZ,Domino's Pizza,Market capitalization change.[72]
2020-05-12,add,DXCM,Dexcom,Allergan acquired by AbbVie.[72]
2020-05-12,remove,AGN,Allergan,Allergan acquired by AbbVie.[72]
2020-05-12,remove,CPRI,Capri Holdings,Market capitalization change.[72]
2020-05-22,add,WST,West Pharmaceutical Services,Market capitalization change.[71]
2020-05-22,remove,HP,Helmerich & Payne,Market capitalization change.[71]
2020-06-22,add,BIO,Bio-Rad Laboratories,Market capitalization change.[70]
2020-06-22,add,TDY,Teledyne,Market capitalization change.[70]
2020-06-22,add,TYL,Tyler Technologies,Market capitalization change.[70]
2020-06-22,remove,ADS,Alliance Data Systems,Market capitalization change.[70]
2020-06-22,remove,HOG,Harley-Davidson,Market capitalization change.[70]
2020-06-22,remove,JWN,Nordstrom,Market capitalization change.[70]
2020-09-21,add,CTLT,Catalent,Market capitalization change.[69]
2020-09-21,add,ETSY,Etsy,Market capitalization change.[69]
2020-09-21,add,TER,Teradyne,Market capitalization change.[69]
2020-09-21,remove,COTY,Coty,Market capitalization change.[69]
2020-09-21,remove,HRB,H&R Block,Market capitalization change.[69]
2020-09-21,remove,KSS,Kohl's,Market capitalization change.[69]
2020-10-07,add,POOL,Pool Corporation,Morgan Stanley acquired E*Trade.[68]
2020-10-07,remove,ETFC,E-Trade,Morgan Stanley acquired E*Trade.[68]
2020-10-09,add,VNT,Vontier,S&P 500 constituent Fortive spun off Vontier.[67]
2020-10-12,remove,NBL,Noble Energy,Chevron acquired Noble Energy.[67]
2020-12-21,add,TSLA,Tesla,Apartment Investment and Management (Aimco) spun off Apartment Income REIT.[66]
2020-12-21,remove,AIV,Apartment Investment & Management,Apartment Investment and Management (Aimco) spun off Apartment Income REIT.[66]
2021-01-07,add,ENPH,Enphase Energy,LVMH Moet Hennessy-Louis Vuitton SE acquired Tiffany & Co.[65]
2021-01-07,remove,TIF,Tiffany & Co,LVMH Moet Hennessy-Louis Vuitton SE acquired Tiffany & Co.[65]
2021-01-21,add,TRMB,Trimble,S&P 500/100 constituent ConocoPhillips acquired Concho Resources.[64]
2021-01-21,remove,CXO,Concho Resources,S&P 500/100 constituent ConocoPhillips acquired Concho Resources.[64]
2021-02-12,add,MPWR,Monolithic Power Systems,TechnipFMC was removed from the S&P 500 in anticipation of its announced spin-off of Technip Energies.[63]
2021-02-12,remove,FTI,TechnipFMC,TechnipFMC was removed from the S&P 500 in anticipation of its announced spin-off of Technip Energies.[63]
2021-03-22,add,CZR,Caesars Entertainment,Market capitalization change.[62]
2021-03-22,add,GNRC,Generac Holdings,Market capitalization change.[62]
2021-03-22,add,NXPI,NXP,Market capitalization change.[62]
2021-03-22,add,PENN,Penn National Gaming,Market capitalization change.[62]
2021-03-22,remove,FLS,Flowserve,Market capitalization change.[62]
2021-03-22,remove,SLG,SL Green Realty,Market capitalization change.[62]
2021-03-22,remove,VNT,Vontier,Market capitalization change.[62]
2021-03-22,remove,XRX,Xerox,Market capitalization change.[62]
2021-04-20,add,PTC,PTC,Siemens Healthineers acquired Varian Medical Systems.[61]
2021-04-20,remove,VAR,Varian Medical Systems,Siemens Healthineers acquired Varian Medical Systems.[61]
2021-05-14,add,CRL,Charles River Laboratories,S&P 500 constituent Teledyne Technologies acquired FLIR Systems.[60]
2021-05-14,remove,FLIR,FLIR Systems,S&P 500 constituent Teledyne Technologies acquired FLIR Systems.[60]
2021-06-03,add,OGN,Organon & Co.,S&P 500/100 constituent Merck & Co. spun off Organon.[54]
2021-06-04,remove,HFC,HollyFrontier,Market capitalization change.[54]
2021-07-21,add,MRNA,Moderna,AstraZeneca acquired Alexion Pharmaceuticals.[59]
2021-07-21,remove,ALXN,Alexion Pharmaceuticals,AstraZeneca acquired Alexion Pharmaceuticals.[59]
2021-08-30,add,TECH,Bio-Techne,S&P 500 constituent Analog Devices acquired Maxim Integrated Products.[58]
2021-08-30,remove,MXIM,Maxim Integrated,S&P 500 constituent Analog Devices acquired Maxim Integrated Products.[58]
2021-09-20,add,BRO,Brown & Brown,Market capitalization change.[57]
2021-09-20,add,CDAY,Ceridian,Market capitalization change.[57]
2021-09-20,add,MTCH,Match Group,Market capitalization change.[57]
2021-09-20,remove,NOV,Nov,Market capitalization change.[57]
2021-09-20,remove,PRGO,Perrigo,Market capitalization change.[57]
2021-09-20,remove,UNM,Unum,Market capitalization change.[57]
2021-12-14,add,EPAM,EPAM Systems,Canadian Pacific acquired Kansas City Southern.[56]
2021-12-14,remove,KSU,Kansas City Southern,Canadian Pacific acquired Kansas City Southern.[56]
2021-12-20,add,FDS,FactSet,Market capitalization change.[55]
2021-12-20,add,SBNY,Signature Bank,Market capitalization change.[55]
2021-12-20,add,SEDG,SolarEdge,Market capitalization change.[55]
2021-12-20,remove,HBI,Hanesbrands,Market capitalization change.[55]
2021-12-20,remove,LEG,Leggett & Platt,Market capitalization change.[55]
2021-12-20,remove,WU,Western Union,Market capitalization change.[55]
2022-02-02,add,CEG,Constellation Energy,S&P 500 and 100 constituent Exelon Corp. spun off Constellation Energy.[54]
2022-02-03,remove,GPS,Gap,Market capitalization change.[54]
2022-02-15,add,NDSN,Nordson Corporation,S&P 500 constituent Advanced Micro Devices acquired Xilinx.[53]
2022-02-15,remove,XLNX,Xilinx,S&P 500 constituent Advanced Micro Devices acquired Xilinx.[53]
2022-03-02,add,MOH,Molina Healthcare,S&P 500 constituent S&P Global Inc. acquired IHS Markit.[52]
2022-03-02,remove,INFO,IHS Markit,S&P 500 constituent S&P Global Inc. acquired IHS Markit.[52]
2022-04-04,add,CPT,Camden Property Trust,S&P 500 constituent M&T Bank Corp. acquired People's United Financial.[51]
2022-04-04,remove,PBCT,People's United Financial,S&P 500 constituent M&T Bank Corp. acquired People's United Financial.[51]
2022-04-11,add,WBD,Warner Bros. Discovery,WarnerMedia and Discovery merge to create Warner Bros. Discovery.[50]
2022-04-11,remove,DISCA,"Discovery, Inc.",WarnerMedia and Discovery merge to create Warner Bros. Discovery.[50]
2022-04-11,remove,DISCK,"Discovery, Inc.",WarnerMedia and Discovery merge to create Warner Bros. Discovery.[50]
2022-06-08,add,VICI,Vici Properties,S&P 500 constituent Oracle Corp. acquired Cerner.[49]
2022-06-08,remove,CERN,Cerner,S&P 500 constituent Oracle Corp. acquired Cerner.[49]
2022-06-21,add,KDP,Keurig Dr Pepper,Market capitalization change.[49]
2022-06-21,add,ON,ON Semiconductor,Market capitalization change.[49]
2022-06-21,remove,IPGP,IPG Photonics,Market capitalization change.[49]
2022-06-21,remove,UA,Under Armour (Class C),Market capitalization change.[49]
2022-06-21,remove,UAA,Under Armour (Class A),Market capitalization change.[49]
2022-09-19,add,CSGP,CoStar Group,Market capitalization change.[48]
2022-09-19,add,INVH,Invitation Homes,Market capitalization change.[48]
2022-09-19,remove,PENN,Penn Entertainment,Market capitalization change.[48]
2022-09-19,remove,PVH,PVH,Market capitalization change.[48]
2022-10-03,add,EQT,EQT Corporation,S&P 500 constituent Prologis Inc. acquired Duke Realty.[47]
2022-10-03,add,PCG,PG&E,Vista Equity Partners acquired Citrix Systems.[47]
2022-10-03,remove,CTXS,Citrix Systems,Vista Equity Partners acquired Citrix Systems.[47]
2022-10-03,remove,DRE,Duke Realty,S&P 500 constituent Prologis Inc. acquired Duke Realty.[47]
2022-10-12,add,TRGP,Targa Resources,Elliot Management Corp acquired Nielsen Holdings.[46]
2022-10-12,remove,NLSN,Nielsen Holdings,Elliot Management Corp acquired Nielsen Holdings.[46]
2022-11-01,add,ACGL,Arch Capital Group,Elon Musk acquired Twitter.[45]
2022-11-01,remove,TWTR,Twitter,Elon Musk acquired Twitter.[45]
2022-12-15,add,MBC,MasterBrand,S&P 500 constituent Fortune Brands Home & Security spun off MasterBrand.[44]
2022-12-19,add,FSLR,First Solar,Market capitalization change.[44]
2022-12-19,remove,FBHS,Fortune Brands Home & Security,Market capitalization change.[44]
2022-12-19,remove,MBC,MasterBrand,Market capitalization change.[44]
2022-12-22,add,STLD,Steel Dynamics,S&P 500 constituent Johnson & Johnson acquired Abiomed.[43]
2022-12-22,remove,ABMD,Abiomed,S&P 500 constituent Johnson & Johnson acquired Abiomed.[43]
2023-01-04,add,GEHC,GE HealthCare,S&P 500 constituent General Electric spun off GE HealthCare.[42]
2023-01-05,remove,VNO,Vornado Realty Trust,Market capitalization change.[42]
2023-03-15,add,BG,Bunge Global,The FDIC placed Signature Bank into FDIC Receivership.[40]
2023-03-15,add,PODD,Insulet,"The FDIC placed SVB's main subsidiary, Silicon Valley Bank, into receivership.[41]"
2023-03-15,remove,SBNY,Signature Bank,The FDIC placed Signature Bank into FDIC Receivership.[40]
2023-03-15,remove,SIVB,SVB Financial Group,"The FDIC placed SVB's main subsidiary, Silicon Valley Bank, into receivership.[41]"
2023-03-20,add,FICO,Fair Isaac,Market capitalization change.[39]
2023-03-20,remove,LUMN,Lumen Technologies,Market capitalization change.[39]
2023-05-04,add,AXON,Axon Enterprise,The Federal Deposit Insurance Corporation (FDIC) placed First Republic Bank into FDIC Receivership.[38]
2023-05-04,remove,FRC,First Republic Bank,The Federal Deposit Insurance Corporation (FDIC) placed First Republic Bank into FDIC Receivership.[38]
2023-06-20,add,PANW,Palo Alto Networks,Market capitalization change.[37]
2023-06-20,remove,DISH,Dish Network,Market capitalization change.[37]
2023-08-25,add,KVUE,Kenvue,S&P 500 and S&P 100 constituent Johnson & Johnson offered to exchange the shares of Kenvue held for shares of Johnson & Johnson in a split-off exchange offer.[36]
2023-08-25,remove,AAP,Advance Auto Parts,S&P 500 and S&P 100 constituent Johnson & Johnson offered to exchange the shares of Kenvue held for shares of Johnson & Johnson in a split-off exchange offer.[36]
2023-09-18,add,ABNB,Airbnb,Market capitalization change.[35]
2023-09-18,add,BX,Blackstone,Market capitalization change.[35]
2023-09-18,remove,LNC,Lincoln National Corporation,Market capitalization change.[35]
2023-09-18,remove,NWL,Newell Brands,Market capitalization change.[35]
2023-10-02,add,VLTO,Veralto,S&P 500 and S&P 100 constituent Danaher Corporation spun off Veralto.[34]
2023-10-03,remove,DXC,DXC Technology,Market capitalization change.[34]
2023-10-18,add,HUBB,Hubbell,Market capitalization change.[33]
2023-10-18,add,LULU,Lululemon Athletica,S&P 500 and S&P 100 constituent Microsoft acquired Activision Blizzard.[33]
2023-10-18,remove,ATVI,Activision Blizzard,S&P 500 and S&P 100 constituent Microsoft acquired Activision Blizzard.[33]
2023-10-18,remove,OGN,Organon & Co.,Market capitalization change.[33]
2023-12-18,add,BLDR,Builders FirstSource,Market capitalization change.[32]
2023-12-18,add,JBL,Jabil,Market capitalization change.[32]
2023-12-18,add,UBER,Uber,Market capitalization change.[32]
2023-12-18,remove,ALK,Alaska Air Group,Market capitalization change.[32]
2023-12-18,remove,SEDG,SolarEdge,Market capitalization change.[32]
2023-12-18,remove,SEE,Sealed Air,Market capitalization change.[32]
2024-03-18,add,DECK,Deckers Brands,Market capitalization change.[31]
2024-03-18,add,SMCI,Supermicro,Market capitalization change.[31]
2024-03-18,remove,WHR,Whirlpool Corporation,Market capitalization change.[31]
2024-03-18,remove,ZION,Zions Bancorporation,Market capitalization change.[31]
2024-04-01,add,SOLV,Solventum,S&P 500 and 100 constituent 3M Co. spun off Solventum.[30]
2024-04-02,add,GEV,GE Vernova,S&P 500 and 100 constituent General Electric Corp. spun off GE Vernova.[30]
2024-04-03,remove,VFC,VF Corporation,Market capitalization change.[30]
2024-04-03,remove,XRAY,Dentsply Sirona,Market capitalization change.[30]
2024-05-08,add,VST,Vistra,S&P 500 and S&P 100 constituent ExxonMobil acquired Pioneer Natural Resources.[29]
2024-05-08,remove,PXD,Pioneer Natural Resources,S&P 500 and S&P 100 constituent ExxonMobil acquired Pioneer Natural Resources.[29]
2024-06-24,add,CRWD,CrowdStrike,Market capitalization change.[28]
2024-06-24,add,GDDY,GoDaddy,Market capitalization change.[28]
2024-06-24,add,KKR,KKR,Market capitalization change.[28]
2024-06-24,remove,CMA,Comerica,Market capitalization change.[28]
2024-06-24,remove,ILMN,"Illumina, Inc.",Market capitalization change.[28]
2024-06-24,remove,RHI,Robert Half,Market capitalization change.[28]
2024-09-23,add,DELL,Dell Technologies,Market capitalization change.[27]
2024-09-23,add,ERIE,Erie Indemnity,Market capitalization change.[27]
2024-09-23,add,PLTR,Palantir Technologies,Market capitalization change.[27]
2024-09-23,remove,AAL,American Airlines Group,Market capitalization change.[27]
2024-09-23,remove,BIO,Bio-Rad Laboratories,Market capitalization change.[27]
2024-09-23,remove,ETSY,Etsy,Market capitalization change.[27]
2024-09-30,add,AMTM,Amentum,"S&P 500 constituent Jacobs Solutions spun off its Critical Mission Solutions and Cyber Intelligence business, which merged with private Amentum to create newly publicly traded Amentum Holdings.[26]"
2024-10-01,remove,BBWI,"Bath & Body Works, Inc.",Market capitalization change.[26]
2024-11-26,add,TPL,Texas Pacific Land Corporation,S&P 500 & 100 constituent ConocoPhillips acquired Marathon Oil.[25]
2024-11-26,remove,MRO,Marathon Oil,S&P 500 & 100 constituent ConocoPhillips acquired Marathon Oil.[25]
2024-12-23,add,APO,Apollo Global Management,Market capitalization change.[23]
2024-12-23,add,LII,Lennox International,Novo Holdings A/S acquired Catalent.[24]
2024-12-23,add,WDAY,"Workday, Inc.",Market capitalization change.[23]
2024-12-23,remove,AMTM,Amentum,Market capitalization change.[23]
2024-12-23,remove,CTLT,Catalent,Novo Holdings A/S acquired Catalent.[24]
2024-12-23,remove,QRVO,Qorvo,Market capitalization change.[23]
2025-03-24,add,DASH,DoorDash,Market capitalization change.[22]
2025-03-24,add,EXE,Expand Energy,Market capitalization change.[22]
2025-03-24,add,TKO,TKO Group Holdings,Market capitalization change.[22]
2025-03-24,add,WSM,"Williams-Sonoma, Inc.",Market capitalization change.[22]
2025-03-24,remove,BWA,BorgWarner,Market capitalization change.[22]
2025-03-24,remove,CE,Celanese,Market capitalization change.[22]
2025-03-24,remove,FMC,FMC Corporation,Market capitalization change.[22]
2025-03-24,remove,TFX,Teleflex,Market capitalization change.[22]
2025-05-19,add,COIN,Coinbase,S&P 500 constituent Capital One Financial Corp. acquired Discover Financial Services.[21]
2025-05-19,remove,DFS,Discover Financial,S&P 500 constituent Capital One Financial Corp. acquired Discover Financial Services.[21]
2025-07-09,add,DDOG,Datadog,S&P 500 constituent Hewlett Packard Enterprise Co. acquired Juniper Networks.[20]
2025-07-09,remove,JNPR,Juniper Networks,S&P 500 constituent Hewlett Packard Enterprise Co. acquired Juniper Networks.[20]
2025-07-18,add,TTD,Trade Desk (The),S&P 500 constituent Synopsys Inc. acquired Ansys.[19]
2025-07-18,remove,ANSS,Ansys,S&P 500 constituent Synopsys Inc. acquired Ansys.[19]
2025-07-23,add,XYZ,"Block, Inc.",S&P 500 and S&P 100 constituent Chevron Corp. acquired Hess Corporation[18]
2025-07-23,remove,HES,Hess Corporation,S&P 500 and S&P 100 constituent Chevron Corp. acquired Hess Corporation[18]
2025-08-28,add,IBKR,Interactive Brokers,Sycamore Partners acquired Walgreen Boots Alliance.[17]
2025-08-28,remove,WBA,Walgreens Boots Alliance,Sycamore Partners acquired Walgreen Boots Alliance.[17]
2025-09-22,add,APP,AppLovin,Market capitalization change.[16]
2025-09-22,add,EME,Emcor,Market capitalization change.[16]
2025-09-22,add,HOOD,Robinhood Markets,Market capitalization change.[16]
2025-09-22,remove,CZR,Caesars Entertainment,Market capitalization change.[16]
2025-09-22,remove,ENPH,Enphase Energy,Market capitalization change.[16]
2025-09-22,remove,MKTX,MarketAxess,Market capitalization change.[16]
2025-10-30,add,SOLS,Solstice Advanced Materials,S&P 500 and S&P 100 constituent Honeywell International Inc. spun off Solstice Advanced Materials.[15]
2025-10-31,remove,KMX,CarMax,Market capitalization change.[15]
2025-11-03,add,Q,Qnity Electronics,"S&P 500 constituent Dupont de Nemours, Inc. spun off Qnity Electronics.[15]"
2025-11-04,remove,EMN,Eastman Chemical Co.,Market capitalization change.[15]
2025-11-28,add,SNDK,Sandisk,S&P 500 constituent Omnicom Group Inc. acquired (The) Interpublic Group.[13][14]
2025-11-28,remove,IPG,Interpublic Group,S&P 500 constituent Omnicom Group Inc. acquired (The) Interpublic Group.[13][14]
2025-12-11,add,ARES,Ares Management,Mars Inc. acquired Kellanova.[12]
2025-12-11,remove,K,Kellanova,Mars Inc. acquired Kellanova.[12]
2025-12-22,add,CRH,CRH,Market capitalization change.[11]
2025-12-22,add,CVNA,Carvana,Market capitalization change.[11]
2025-12-22,add,FIX,Comfort Systems USA,Market capitalization change.[11]
2025-12-22,remove,LKQ,LKQ Corporation,Market capitalization change.[11]
2025-12-22,remove,MHK,Mohawk Industries,Market capitalization change.[11]
2025-12-22,remove,SOLS,Solstice Advanced Materials,Market capitalization change.[11]
2026-02-09,add,CIEN,Ciena,Thoma Bravo L.P. acquired Dayforce.[10]
2026-02-09,remove,DAY,Dayforce,Thoma Bravo L.P. acquired Dayforce.[10]
2026-03-23,add,COHR,Coherent Corp.,Market capitalization change.[9]
2026-03-23,add,LITE,Lumentum,Market capitalization change.[9]
2026-03-23,add,SATS,EchoStar,Market capitalization change.[9]
2026-03-23,add,VRT,Vertiv,Market capitalization change.[9]
2026-03-23,remove,LW,Lamb Weston,Market capitalization change.[9]
2026-03-23,remove,MOH,Molina Healthcare,Market capitalization change.[9]
2026-03-23,remove,MTCH,Match Group,Market capitalization change.[9]
2026-03-23,remove,PAYC,Paycom,Market capitalization change.[9]
2026-04-09,add,CASY,Casey's,Blackstone Inc. and TPG Inc. acquired Hologic.[8]
2026-04-09,remove,HOLX,Hologic,Blackstone Inc. and TPG Inc. acquired Hologic.[8]
2026-05-07,add,VEEV,Veeva Systems,S&P 500 constituent Devon Energy Corp. is acquiring Coterra Energy. [6][7]
2026-05-07,remove,CTRA,Coterra Energy,S&P 500 constituent Devon Energy Corp. is acquiring Coterra Energy. [6][7]
